X,Y,Z,Stress_MPa
24.0,1.199997901916504,0.0,0.46102964241482236
24.0,0.036835670471191406,0.0,0.5822702035657396
23.13390350341797,0.036835670471191406,0.0,0.45786259252458145
22.437166213989258,1.33673095703125,0.0,0.5413179134252475
21.42668914794922,0.3299415111541748,0.0,0.44779121268718175
24.0,0.036835670471191406,5.0,2.686336564616078
23.13390350341797,0.036835670471191406,5.0,2.713231568634968
21.42668914794922,0.3299415111541748,5.0,2.793439998390649
24.86609649658203,0.036835670471191406,0.0,0.43254300903027204
24.86609649658203,0.036835670471191406,5.0,2.684010479748186
26.57331085205078,0.3299415111541748,0.0,0.5251463790204716
24.0,1.199997901916504,5.0,2.788524788186458
25.562833786010742,1.33673095703125,5.0,2.6984305845090333
26.57331085205078,0.3299415111541748,5.0,2.7640722529825976
20.92181968688965,1.7427653074264526,0.0,0.5090684671173108
19.793689727783203,0.9076930284500122,0.0,0.39499344322706004
19.793689727783203,0.9076930284500122,5.0,2.8712665303200873
25.562833786010742,1.33673095703125,0.0,0.5267135634066977
27.882051467895508,0.7929727435112,0.0,0.5078805268596448
27.882051467895508,0.7929727435112,5.0,2.698555531152542
22.437166213989258,1.33673095703125,5.0,2.7807571372379623
27.078182220458984,1.7427653074264526,5.0,2.729646761085574
27.882051467895508,2.117615222930908,0.0,0.5191668598889314
28.206310272216797,0.9076930284500122,0.0,0.502103326817987
27.078182220458984,1.7427653074264526,0.0,0.4901188732992806
28.206310272216797,0.9076930284500122,5.0,2.7086599730772094
27.882051467895508,2.117615222930908,5.0,2.7828706522622566
19.5,2.4057700634002686,0.0,0.5232768275623628
18.281997680664062,1.7534345388412476,0.0,0.57680449757036
18.281997680664062,1.7534345388412476,5.0,2.9034896402781563
29.718002319335938,1.7534345388412476,0.0,0.5660506014405846
20.92181968688965,1.7427653074264526,5.0,2.783966297884793
28.5,2.4057700634002686,5.0,2.610838332107039
29.718002319335938,1.7534345388412476,5.0,2.645316185924908
19.5,2.4057700634002686,5.0,2.89082226956944
18.21491241455078,3.3055992126464844,0.0,0.5350336492478484
16.935211181640625,2.8427727222442627,0.0,0.49532202192140096
16.935211181640625,2.8427727222442627,5.0,2.9606607698691807
28.5,2.4057700634002686,0.0,0.4587025958262183
31.064788818359375,2.8427727222442627,0.0,0.5647538307596911
29.78508949279785,3.3055992126464844,5.0,2.6634310199817297
31.064788818359375,2.8427727222442627,5.0,2.6228037878121726
18.21491241455078,3.3055992126464844,5.0,2.9794011884649567
29.78508949279785,3.3055992126464844,0.0,0.5459153294667913
17.105600357055664,4.414912223815918,0.0,0.47150220956076494
15.792173385620117,4.14429235458374,0.0,0.43832770979722724
15.792173385620117,4.14429235458374,5.0,3.0737752337763276
32.207828521728516,4.14429235458374,0.0,0.5091894897760152
30.894399642944336,4.414912223815918,5.0,2.5928067991124437
32.207828521728516,4.14429235458374,5.0,2.5202908118885565
17.105600357055664,4.414912223815918,5.0,2.9417331941217926
30.894399642944336,4.414912223815918,0.0,0.5036712451603519
16.20577049255371,5.699999809265137,0.0,0.4842136938306709
14.885846138000488,5.620457172393799,0.0,0.5919604693392768
14.885846138000488,5.620457172393799,5.0,3.090933820570984
33.11415481567383,5.620457172393799,0.0,0.5753561193357939
31.79422950744629,5.699999809265137,5.0,2.613345462189386
33.11415481567383,5.620457172393799,5.0,2.512975180417638
16.20577049255371,5.699999809265137,5.0,2.9180914612260835
31.79422950744629,5.699999809265137,0.0,0.37688839306348776
15.542766571044922,7.121816158294678,0.0,0.5474467469279009
14.242369651794434,7.228694915771484,0.0,0.46502420559008456
14.242369651794434,7.228694915771484,5.0,3.1379557029318974
33.75762939453125,7.228694915771484,0.0,0.531242955401328
32.45723342895508,7.121816158294678,5.0,2.50654254298678
33.75762939453125,7.228694915771484,5.0,2.365150162030697
15.542766571044922,7.121816158294678,5.0,3.047075259158785
32.45723342895508,7.121816158294678,0.0,0.5874861196028521
15.466283798217773,7.40725564956665,0.0,0.48692758035443867
15.466283798217773,7.40725564956665,5.0,2.984001211218742
32.53371810913086,7.40725564956665,0.0,0.5095990066141087
33.81200408935547,7.40725564956665,0.0,0.508756325034041
14.187995910644531,7.40725564956665,5.0,3.1237687064986996
32.53371810913086,7.40725564956665,5.0,2.4871730740435445
14.187995910644531,7.40725564956665,0.0,0.45475723322323713
33.81200408935547,7.40725564956665,5.0,2.450383506374206
10.766541481018066,25.508831024169922,0.0,0.5695864034811123
14.3884916305542,13.614513397216797,0.0,0.5282059278621549
15.000000953674316,10.199997901916504,0.0,0.5035389160218403
15.136731147766113,8.637167930603027,0.0,0.5442668631702053
8.675870895385742,25.508831024169922,0.0,0.4696022626780853
15.136731147766113,8.637167930603027,5.0,2.9711872191269264
32.8632698059082,8.637167930603027,0.0,0.5165620585309307
33.0,10.199997901916504,0.0,0.5144959164161539
33.611507415771484,13.614513397216797,0.0,0.47172851104520414
39.32413101196289,25.508831024169922,0.0,0.448379043491141
39.32413101196289,25.508831024169922,5.0,3.3490282133987943
15.000000953674316,10.199997901916504,5.0,3.003799040857106
14.3884916305542,13.614513397216797,5.0,3.00360334276241
8.675870895385742,25.508831024169922,5.0,3.337578993335678
32.8632698059082,8.637167930603027,5.0,2.5099786647116415
33.0,10.199997901916504,5.0,2.3932001659488504
33.611507415771484,13.614513397216797,5.0,2.3326320682031136
37.23345947265625,25.508831024169922,5.0,3.2888106765829375
15.136731147766113,11.762831687927246,0.0,0.5000042187208151
15.136731147766113,11.762831687927246,5.0,2.9084072804385817
32.8632698059082,11.762831687927246,0.0,0.5643455538834465
32.8632698059082,11.762831687927246,5.0,2.4141612728835944
15.542766571044922,13.278179168701172,0.0,0.47254652975974787
15.542766571044922,13.278179168701172,5.0,2.9677798135572777
32.45723342895508,13.278179168701172,0.0,0.42496538853185956
32.45723342895508,13.278179168701172,5.0,2.425495716276202
16.20577049255371,14.69999885559082,0.0,0.4844414560944892
16.20577049255371,14.69999885559082,5.0,2.9092184428136187
32.92543411254883,15.137273788452148,0.0,0.4847427098950317
31.79422950744629,14.69999885559082,0.0,0.5532250050276082
15.074567794799805,15.137273788452148,5.0,2.8292528893563134
31.79422950744629,14.69999885559082,5.0,2.35480015877945
15.074567794799805,15.137273788452148,0.0,0.5165577870928306
10.766541481018066,25.508831024169922,5.0,3.0809740578494518
37.23345947265625,25.508831024169922,0.0,0.5989139994544496
32.92543411254883,15.137273788452148,5.0,2.375383973242501
17.105600357055664,15.985086441040039,0.0,0.4519280133345162
17.105600357055664,15.985086441040039,5.0,2.8678547676786845
32.00004959106445,16.52765655517578,0.0,0.5212232002036862
30.894399642944336,15.985086441040039,0.0,0.49171812110382795
15.99995231628418,16.52765655517578,5.0,2.8507907876709018
30.894399642944336,15.985086441040039,5.0,2.3471787232414836
15.99995231628418,16.52765655517578,0.0,0.4406294493149374
32.00004959106445,16.52765655517578,5.0,2.3134471618191927
18.21491241455078,17.09440040588379,0.0,0.5011444524516976
18.21491241455078,17.09440040588379,5.0,2.6347407982871904
30.86016845703125,17.748382568359375,0.0,0.4717779817471793
29.78508949279785,17.09440040588379,0.0,0.5003712742488442
17.13983154296875,17.748382568359375,5.0,2.7799852812334356
29.78508949279785,17.09440040588379,5.0,2.4103869317884814
17.13983154296875,17.748382568359375,0.0,0.4708123217726557
30.86016845703125,17.748382568359375,5.0,2.336923768758642
19.5,17.99422836303711,0.0,0.5122393577575255
19.5,17.99422836303711,5.0,2.6114934585351377
29.536354064941406,18.7667236328125,0.0,0.5254575636481201
28.5,17.99422836303711,0.0,0.5482669242800832
18.463645935058594,18.7667236328125,5.0,2.700478272453517
28.5,17.99422836303711,5.0,2.313503400170447
18.463645935058594,18.7667236328125,0.0,0.5403305966583597
29.536354064941406,18.7667236328125,5.0,2.351225165501652
20.92181968688965,18.65723419189453,0.0,0.5809190499323007
20.92181968688965,18.65723419189453,5.0,2.553284685899473
28.06410026550293,19.555377960205078,0.0,0.38112580839407906
27.882051467895508,18.28238296508789,0.0,0.5341093822348746
19.93589973449707,19.555377960205078,5.0,2.6883032806115823
28.06410026550293,19.555377960205078,5.0,2.334760164333994
27.882051467895508,18.28238296508789,5.0,2.424562124387097
27.882051467895508,19.61729621887207,0.0,0.47181455421615964
27.078182220458984,18.65723419189453,0.0,0.553622804129264
27.882051467895508,19.61729621887207,5.0,2.4044463075952573
27.078182220458984,18.65723419189453,5.0,2.3698053877205534
19.93589973449707,19.555377960205078,0.0,0.5667979160038761
22.437166213989258,19.063268661499023,0.0,0.554502471053637
22.437166213989258,19.063268661499023,5.0,2.59374384693456
26.482879638671875,20.09319496154785,0.0,0.49169431972792815
25.562833786010742,19.063268661499023,0.0,0.42774974074181094
21.517120361328125,20.09319496154785,5.0,2.5008653223824546
25.562833786010742,19.063268661499023,5.0,2.4254352363537297
21.517120361328125,20.09319496154785,0.0,0.4949902674340617
24.0,19.200000762939453,0.0,0.5110571940156228
24.0,19.200000762939453,5.0,2.42487465769489
24.83509063720703,20.365755081176758,0.0,0.4649617337781339
23.16490936279297,20.365755081176758,5.0,2.4346278264077994
26.482879638671875,20.09319496154785,5.0,2.4483075367695597
23.16490936279297,20.365755081176758,0.0,0.4854485084891668
24.0,20.365755081176758,0.0,0.5346020142555353
24.83509063720703,20.365755081176758,5.0,2.4881232466626932
24.0,20.365755081176758,5.0,2.373939074807882
5.185713768005371,36.97034454345703,0.0,0.5717526054243474
5.185713768005371,43.83601760864258,0.0,0.4452403776872818
5.185713768005371,43.83601760864258,5.0,3.472274790839202
46.35222244262695,53.39473342895508,0.0,0.49239061728759115
45.2538948059082,51.84757995605469,0.0,0.4905963861185471
46.446128845214844,53.476219177246094,0.0,0.4510940873122866
48.0,54.0,0.0,0.5016743130494363
48.0,54.0,5.0,2.2123926890381105
5.185713768005371,36.97034454345703,5.0,3.49155587726568
45.2538948059082,51.84757995605469,5.0,2.152397517527884
46.52528381347656,53.57209777832031,5.0,2.1454401250545616
46.446128845214844,53.476219177246094,5.0,2.1491008018009445
46.35222244262695,53.39473342895508,5.0,2.126996636938916
24.0,31.81766128540039,0.0,0.40786052063972694
24.0,30.65608787536621,0.0,0.48229972328967824
23.115453720092773,30.65608787536621,0.0,0.4444965264841868
22.437166213989258,31.95439338684082,0.0,0.48188324620861456
21.372970581054688,30.96176528930664,0.0,0.46718254157661077
24.0,30.65608787536621,5.0,2.2388466681374504
23.115453720092773,30.65608787536621,5.0,2.2951011024904835
21.372970581054688,30.96176528930664,5.0,2.2970630830788368
24.884546279907227,30.65608787536621,0.0,0.5608378286511172
24.884546279907227,30.65608787536621,5.0,2.338580974008206
26.627029418945312,30.96176528930664,0.0,0.5430070999084948
24.0,31.81766128540039,5.0,2.28092757996028
25.562833786010742,31.95439338684082,5.0,2.2171828946955348
26.627029418945312,30.96176528930664,5.0,2.2032014643846196
20.92181968688965,32.36042785644531,0.0,0.5336329300337446
19.709510803222656,31.563920974731445,0.0,0.5075230349548087
19.709510803222656,31.563920974731445,5.0,2.3376114389559595
25.562833786010742,31.95439338684082,0.0,0.4399811660656871
27.882051467895508,31.41607093811035,0.0,0.4750843381367182
27.882051467895508,31.41607093811035,5.0,2.1394215585872405
22.437166213989258,31.95439338684082,5.0,2.3621454109180062
27.078182220458984,32.36042785644531,5.0,2.146043959672879
27.078182220458984,32.36042785644531,0.0,0.5508572296905037
27.882051467895508,32.73527908325195,0.0,0.5306141454428566
28.290489196777344,31.563920974731445,0.0,0.4727717678572026
28.290489196777344,31.563920974731445,5.0,2.1971420230598597
27.882051467895508,32.73527908325195,5.0,2.1807754201722864
19.5,33.023433685302734,0.0,0.4474680539990894
18.17511749267578,32.4444465637207,0.0,0.5348746322155314
18.17511749267578,32.4444465637207,5.0,2.4212206663398863
29.82488250732422,32.4444465637207,0.0,0.5581724243806666
20.92181968688965,32.36042785644531,5.0,2.359728355584649
28.5,33.023433685302734,5.0,2.0990886253507597
29.82488250732422,32.4444465637207,5.0,2.1659698708939175
19.5,33.023433685302734,5.0,2.4174261604257112
18.21491241455078,33.92325973510742,0.0,0.4951536823437176
16.815946578979492,33.57685089111328,0.0,0.5443344435017153
16.815946578979492,33.57685089111328,5.0,2.5399682234848413
28.5,33.023433685302734,0.0,0.44903622239563196
31.18405532836914,33.57685089111328,0.0,0.5380090391358986
29.78508949279785,33.92325973510742,5.0,2.02113315207199
31.18405532836914,33.57685089111328,5.0,2.1319154900502326
18.21491241455078,33.92325973510742,5.0,2.439874475707496
29.78508949279785,33.92325973510742,0.0,0.48061886693195865
17.105600357055664,35.03257369995117,0.0,0.5223123137219164
15.672881126403809,34.927066802978516,0.0,0.43735790194641344
15.672881126403809,34.927066802978516,5.0,2.5071518150430796
32.327117919921875,34.927066802978516,0.0,0.5113609799604938
30.894399642944336,35.03257369995117,5.0,2.089845454054735
32.327117919921875,34.927066802978516,5.0,2.138755299395978
17.105600357055664,35.03257369995117,5.0,2.409797525977688
30.894399642944336,35.03257369995117,0.0,0.49399505949770073
16.20577049255371,36.31766128540039,0.0,0.5088791497198268
14.780309677124023,36.45448684692383,0.0,0.5689658600347287
14.780309677124023,36.45448684692383,5.0,2.613987937610522
33.21969223022461,36.45448684692383,0.0,0.47710137122856033
31.79422950744629,36.31766128540039,5.0,2.1212678419195843
33.21969223022461,36.45448684692383,5.0,2.06292877982554
16.20577049255371,36.31766128540039,5.0,2.481743670305938
31.79422950744629,36.31766128540039,0.0,0.44381886910357937
15.542766571044922,37.739479064941406,0.0,0.456961797875357
15.542766571044922,37.739479064941406,5.0,2.578702422022939
32.45723342895508,37.739479064941406,0.0,0.521701308138119
33.83491897583008,38.113155364990234,0.0,0.5762723695947669
14.165081024169922,38.113155364990234,5.0,2.5941224600425437
32.45723342895508,37.739479064941406,5.0,1.9593262547832773
14.165081024169922,38.113155364990234,0.0,0.5099232084263163
33.83491897583008,38.113155364990234,5.0,2.0419989136441026
2.0846221446990967,47.15419387817383,0.0,0.5677609362237177
2.0846221446990967,47.15419387817383,5.0,3.9099618093039186
15.136731147766113,39.254825592041016,0.0,0.45035684298173606
15.136731147766113,39.254825592041016,5.0,2.4779396561799847
32.8632698059082,39.254825592041016,0.0,0.5188851424610246
34.154296875,39.85317611694336,0.0,0.48371918902332284
13.845702171325684,39.85317611694336,5.0,2.660101724606418
32.8632698059082,39.254825592041016,5.0,2.0077115966003314
13.845702171325684,39.85317611694336,0.0,0.5300063468774722
34.154296875,39.85317611694336,5.0,2.006702702911059
15.000000953674316,40.81766128540039,0.0,0.5565260171766113
15.000000953674316,40.81766128540039,5.0,2.5035996652935872
33.0,40.81766128540039,0.0,0.551222543514736
34.16822052001953,41.622215270996094,0.0,0.5074142934012105
13.831780433654785,41.622215270996094,5.0,2.5318383636925477
33.0,40.81766128540039,5.0,1.8476421892867367
13.831780433654785,41.622215270996094,0.0,0.5990935620301765
34.16822052001953,41.622215270996094,5.0,1.8568770723258925
15.136731147766113,42.3804931640625,0.0,0.4806251477709735
15.136731147766113,42.3804931640625,5.0,2.4817983838917312
32.8632698059082,42.3804931640625,0.0,0.4990107569847698
33.87626647949219,43.36705017089844,0.0,0.3990226914653547
14.123735427856445,43.36705017089844,5.0,2.4375749577265897
32.8632698059082,42.3804931640625,5.0,1.8487560235293108
14.123735427856445,43.36705017089844,0.0,0.4776442720981289
33.87626647949219,43.36705017089844,5.0,1.9282555864714341
15.542766571044922,43.895843505859375,0.0,0.49229270725284635
15.542766571044922,43.895843505859375,5.0,2.3980031206435672
32.45723342895508,43.895843505859375,0.0,0.47115235683164586
33.28721618652344,45.03519821166992,0.0,0.5929329335177564
14.712783813476562,45.03519821166992,5.0,2.3699472067436536
32.45723342895508,43.895843505859375,5.0,1.852827412741947
14.712783813476562,45.03519821166992,0.0,0.5240179188440518
33.28721618652344,45.03519821166992,5.0,1.8642986047003214
2.7461071014404297,51.84757995605469,0.0,0.49512968899435533
2.7461071014404297,51.84757995605469,5.0,3.657194811701712
16.20577049255371,45.31766128540039,0.0,0.4646781836556377
16.20577049255371,45.31766128540039,5.0,2.3066497141260354
31.79422950744629,45.31766128540039,0.0,0.5280759408198391
32.41879653930664,46.576473236083984,0.0,0.5232032513902384
31.79422950744629,45.31766128540039,5.0,1.8979608056743427
15.581205368041992,46.576473236083984,0.0,0.4793735592484073
15.581205368041992,46.576473236083984,5.0,2.3704420087710707
32.41879653930664,46.576473236083984,5.0,1.8682287067088184
17.105600357055664,46.60274887084961,0.0,0.5399856517573012
17.105600357055664,46.60274887084961,5.0,2.2792244401933077
30.894399642944336,46.60274887084961,0.0,0.5084118195364214
31.297122955322266,47.94451141357422,0.0,0.4010854894355681
18.04405975341797,49.098167419433594,5.0,2.1140311577223754
16.702878952026367,47.94451141357422,5.0,2.206227974474567
30.894399642944336,46.60274887084961,5.0,1.8784708204258962
16.702878952026367,47.94451141357422,0.0,0.5871643048032543
31.297122955322266,47.94451141357422,5.0,1.7718241344239818
18.21491241455078,47.71206283569336,0.0,0.46908931318311653
18.21491241455078,47.71206283569336,5.0,2.122445727656247
29.78508949279785,47.71206283569336,0.0,0.43447785410938283
29.95594024658203,49.098167419433594,0.0,0.5539576413144043
29.78508949279785,47.71206283569336,5.0,2.007935498087496
2.3224782943725586,52.71027374267578,0.0,0.48474316733861555
2.5690646171569824,52.29600143432617,0.0,0.4201539601180511
0.46776607632637024,52.4638786315918,0.0,0.5094690708736832
2.01271653175354,53.07969665527344,0.0,0.4416048010367496
2.0846221446990967,52.99394226074219,0.0,0.5142801445057605
2.5690646171569824,52.29600143432617,5.0,3.665370298755441
2.3224782943725586,52.71027374267578,5.0,3.7217764593850733
2.0846221446990967,52.99394226074219,5.0,3.9098031071582957
0.46776607632637024,52.4638786315918,5.0,3.92888791618569
18.04405975341797,49.098167419433594,0.0,0.5976372510371041
19.5,48.61188888549805,0.0,0.5176925309569116
19.5,48.61188888549805,5.0,2.12102014119156
28.5,48.61188888549805,0.0,0.4684365225033041
28.43559455871582,50.00273132324219,0.0,0.5657360729873212
19.564407348632812,50.00273132324219,5.0,2.08386440799834
29.95594024658203,49.098167419433594,5.0,1.852826153129652
28.5,48.61188888549805,5.0,1.9020997103207038
19.564407348632812,50.00273132324219,0.0,0.5421654734712218
20.92181968688965,49.27489471435547,0.0,0.4806575442153114
20.92181968688965,49.27489471435547,5.0,2.07107380573054
27.882051467895508,48.90004348754883,0.0,0.4508024846692268
27.882051467895508,50.21302032470703,0.0,0.5488724610393272
21.218181610107422,50.6309928894043,5.0,2.074886444137717
28.43559455871582,50.00273132324219,5.0,1.7975957556602307
27.882051467895508,48.90004348754883,5.0,1.8772886887121536
27.078182220458984,49.27489471435547,0.0,0.47031226730259545
26.781818389892578,50.6309928894043,0.0,0.4492904837597346
27.882051467895508,50.21302032470703,5.0,1.8576124111197274
27.078182220458984,49.27489471435547,5.0,1.8100446652648343
21.218181610107422,50.6309928894043,0.0,0.4896045556676298
22.437166213989258,49.680931091308594,0.0,0.5773829104840058
22.437166213989258,49.680931091308594,5.0,2.1194363482435925
25.562833786010742,49.680931091308594,0.0,0.46055376319771907
25.206829071044922,51.70819854736328,0.0,0.5021006894500898
25.529563903808594,51.346256256103516,0.0,0.5327059340745918
25.906396865844727,51.041038513183594,0.0,0.5432724680131166
26.327482223510742,50.80052185058594,0.0,0.4660983236417579
21.672517776489258,50.80052185058594,5.0,2.0459448930470105
26.781818389892578,50.6309928894043,5.0,1.8650974468606616
25.562833786010742,49.680931091308594,5.0,1.9127730871006372
22.093603134155273,51.041038513183594,0.0,0.48521921653522565
24.0,49.81766128540039,0.0,0.4955803746298992
21.672517776489258,50.80052185058594,0.0,0.48828126891839224
24.0,49.81766128540039,5.0,2.0054081959573926
24.75575065612793,52.563201904296875,0.0,0.5029818941331098
24.946624755859375,52.11741256713867,0.0,0.45296331541100526
23.24424934387207,52.563201904296875,5.0,1.9409377101365397
22.093603134155273,51.041038513183594,5.0,2.019516442473768
22.47043800354004,51.346256256103516,5.0,2.0297516561725737
23.053377151489258,52.11741256713867,5.0,1.9076327874721308
22.79317283630371,51.70819854736328,5.0,1.9473453673277865
25.906396865844727,51.041038513183594,5.0,1.909513334933851
26.327482223510742,50.80052185058594,5.0,1.913308108048787
22.47043800354004,51.346256256103516,0.0,0.5095026321473688
22.79317283630371,51.70819854736328,0.0,0.5049466424770632
23.053377151489258,52.11741256713867,0.0,0.48522066887005244
23.24424934387207,52.563201904296875,0.0,0.5029366818150814
23.360807418823242,53.03392028808594,0.0,0.4232345792370365
24.600000381469727,54.0,0.0,0.5715401887984057
24.600000381469727,53.517269134521484,0.0,0.46851557535329763
24.63919448852539,53.03392028808594,0.0,0.39818668556987674
24.414939880371094,55.24592208862305,0.0,0.5602173134882943
24.0,55.20056915283203,0.0,0.5192227943735722
25.529563903808594,51.346256256103516,5.0,1.8837032571646914
25.206829071044922,51.70819854736328,5.0,1.9900804957901859
24.946624755859375,52.11741256713867,5.0,1.9155570660367853
24.75575065612793,52.563201904296875,5.0,1.873192001652525
24.63919448852539,53.03392028808594,5.0,1.8373694315291722
23.399999618530273,54.0,5.0,1.9057014284719729
23.399999618530273,53.517269134521484,5.0,1.9014377254792476
23.360807418823242,53.03392028808594,5.0,1.9410092165035324
23.585060119628906,55.24592208862305,5.0,1.8634375986795175
24.0,55.20056915283203,5.0,1.8178070888386622
45.43093490600586,52.29600143432617,0.0,0.49900363420294913
45.43093490600586,52.29600143432617,5.0,2.148085697930353
45.98728561401367,53.07969665527344,0.0,0.46508952695866107
45.677520751953125,52.71027374267578,0.0,0.5210413964835698
45.677520751953125,52.71027374267578,5.0,2.1515450695271077
0.0,54.0,0.0,0.5921352608433075
0.46776607632637024,55.375,0.0,0.5675092845390948
1.3688970804214478,53.796180725097656,0.0,0.5117756641210026
1.4124884605407715,53.67974090576172,0.0,0.5800774520543508
1.4747157096862793,53.57209777832031,0.0,0.41980772881813994
1.5538725852966309,53.476219177246094,0.0,0.543346618752096
1.3418774604797363,54.04251480102539,0.0,0.576387042324532
1.3451427221298218,53.9182243347168,0.0,0.40211935196773213
1.6477797031402588,53.39473342895508,0.0,0.46776224727857874
1.6477797031402588,53.39473342895508,5.0,3.8068514076191287
1.5538725852966309,53.476219177246094,5.0,3.7591469391978776
1.4747157096862793,53.57209777832031,5.0,3.9172137969426153
1.4124884605407715,53.67974090576172,5.0,3.917000803143569
1.3688970804214478,53.796180725097656,5.0,3.819537750141081
2.01271653175354,53.07969665527344,5.0,3.8896713450343166
1.3451427221298218,53.9182243347168,5.0,3.8950666344202385
0.46776607632637024,55.375,5.0,3.9267353649623735
0.0,54.0,5.0,3.979116724849441
45.98728561401367,53.07969665527344,5.0,2.2761702363605147
23.585060119628906,55.24592208862305,0.0,0.5257186187269591
23.399999618530273,53.517269134521484,0.0,0.5077927934727157
24.600000381469727,53.517269134521484,5.0,1.8758633612308064
24.414939880371094,55.24592208862305,5.0,1.8966563173301065
46.52528381347656,53.57209777832031,0.0,0.48251895351745905
23.399999618530273,54.0,0.0,0.4433964309812521
24.600000381469727,54.0,5.0,1.872321413250477
46.5875129699707,53.67974090576172,0.0,0.49318024526920107
46.5875129699707,53.67974090576172,5.0,2.1232752613528985
46.631103515625,53.796180725097656,0.0,0.46853873556055764
46.631103515625,53.796180725097656,5.0,2.0034590761183395
46.65485763549805,53.9182243347168,0.0,0.4445853301504734
46.65485763549805,53.9182243347168,5.0,2.1647552477885323
1.3418774604797363,54.04251480102539,5.0,3.87533788051952
46.65812301635742,54.04251480102539,0.0,0.4846582906829012
46.65812301635742,54.04251480102539,5.0,2.0362672987915866
0.0,55.20000076293945,0.0,0.5603759968024574
0.0,55.20000076293945,5.0,3.9372824107727538
5.185713768005371,55.375,0.0,0.5146629457733619
5.185713768005371,54.0,0.0,0.556370621103106
4.340671062469482,54.0,0.0,0.5380440638719679
3.8601253032684326,54.03873825073242,0.0,0.5094585655600609
5.185713768005371,54.0,5.0,3.346868504269543
4.340671062469482,54.0,5.0,3.5608932840497576
3.8601253032684326,54.03873825073242,5.0,3.5106292232095297
20.399999618530273,54.0,0.0,0.46355370600259477
20.399999618530273,54.0,5.0,2.0230568427375895
22.200000762939453,54.599998474121094,0.0,0.48768762325107795
20.88054656982422,54.03873825073242,0.0,0.5710538095098088
23.38914680480957,54.12712860107422,0.0,0.5766377267826477
24.61085319519043,54.12712860107422,0.0,0.4100264305092624
24.61085319519043,54.12712860107422,5.0,1.790917383030215
27.882051467895508,54.0,0.0,0.48185392970404733
27.882051467895508,54.0,5.0,1.853252144850647
27.600000381469727,54.0,0.0,0.48079565495101867
27.600000381469727,54.0,5.0,1.7594061964932117
27.11945343017578,54.03873825073242,0.0,0.4846018142822
27.882051467895508,55.375,0.0,0.4995302027944148
27.11945343017578,54.03873825073242,5.0,1.861179852950738
43.65932846069336,54.0,0.0,0.46079108626182025
43.65932846069336,54.0,5.0,2.0977716942822027
45.459327697753906,54.599998474121094,0.0,0.5166102318837137
44.13987350463867,54.03873825073242,0.0,0.5091062285668458
46.64080810546875,54.16563415527344,0.0,0.5009423349618183
48.0,55.20000076293945,0.0,0.5108164149652481
5.185713768005371,55.375,5.0,3.2654327788859887
22.200000762939453,54.599998474121094,5.0,2.010484620982216
20.88054656982422,54.03873825073242,5.0,2.045905322913976
23.38914680480957,54.12712860107422,5.0,1.9311486469502632
27.882051467895508,55.375,5.0,1.726773870797439
45.459327697753906,54.599998474121094,5.0,2.0057984440577035
44.13987350463867,54.03873825073242,5.0,2.101618133317779
46.6033935546875,54.28420639038086,5.0,2.0248835767782523
46.64080810546875,54.16563415527344,5.0,2.056569012397395
48.0,55.20000076293945,5.0,2.0689818693860444
3.391988515853882,54.15394973754883,0.0,0.45240732533307604
3.391988515853882,54.15394973754883,5.0,3.5216749652870383
21.348684310913086,54.15394973754883,0.0,0.4266565180073116
26.651317596435547,54.15394973754883,0.0,0.50174971150581
26.651317596435547,54.15394973754883,5.0,1.8219052686747288
44.60801315307617,54.15394973754883,0.0,0.53445736623306
21.792320251464844,54.3426628112793,5.0,1.8855872456277643
21.348684310913086,54.15394973754883,5.0,1.98491322703847
44.60801315307617,54.15394973754883,5.0,2.0217489952967727
1.359190821647644,54.16563415527344,0.0,0.5868863813069859
1.359190821647644,54.16563415527344,5.0,3.919636684524424
23.356901168823242,54.25058364868164,0.0,0.5393038435557386
24.643098831176758,54.25058364868164,0.0,0.46783207568028934
24.643098831176758,54.25058364868164,5.0,1.8755742295473474
23.356901168823242,54.25058364868164,5.0,1.9885147549166218
2.9483511447906494,54.3426628112793,0.0,0.3945151290793997
2.9483511447906494,54.3426628112793,5.0,3.61504030900632
21.792320251464844,54.3426628112793,0.0,0.5413922276536525
26.207679748535156,54.3426628112793,0.0,0.5239359651856695
26.207679748535156,54.3426628112793,5.0,1.8247053092789982
45.05165100097656,54.3426628112793,0.0,0.5285002559496584
45.05165100097656,54.3426628112793,5.0,2.0685876011649125
1.3966057300567627,54.28420639038086,0.0,0.46357817449742295
1.3966057300567627,54.28420639038086,5.0,3.8838254387933815
46.6033935546875,54.28420639038086,0.0,0.5355210855982123
23.304195404052734,54.366783142089844,0.0,0.5408278769591397
24.695804595947266,54.366783142089844,0.0,0.49731796284579133
24.695804595947266,54.366783142089844,5.0,1.8323643929906286
23.304195404052734,54.366783142089844,5.0,1.9442139452967109
1.4530960321426392,54.394962310791016,0.0,0.4643262499866366
1.4530960321426392,54.394962310791016,5.0,3.8883479883726406
47.97249984741211,55.375,0.0,0.5300411805029515
46.546905517578125,54.394962310791016,0.0,0.43422034804691534
46.546905517578125,54.394962310791016,5.0,2.0919050619838515
2.5406723022460938,54.599998474121094,0.0,0.5719610705207697
2.5406723022460938,54.599998474121094,5.0,3.689403954922237
25.799999237060547,54.599998474121094,0.0,0.5595334428857112
25.799999237060547,54.599998474121094,5.0,1.79570580576849
23.232555389404297,54.47236633300781,0.0,0.5424604443692771
24.767444610595703,54.47236633300781,0.0,0.5169471178068539
24.767444610595703,54.47236633300781,5.0,1.9247241595173163
23.232555389404297,54.47236633300781,5.0,1.9184250390158013
1.5271081924438477,54.494869232177734,0.0,0.4954431985907747
1.5271081924438477,54.494869232177734,5.0,3.920958658829209
46.47289276123047,54.494869232177734,0.0,0.4260391648964115
47.97249984741211,55.375,5.0,2.026699048756432
46.47289276123047,54.494869232177734,5.0,2.126947879540161
23.14405632019043,54.56427764892578,0.0,0.4870402339905774
24.855945587158203,54.56427764892578,0.0,0.4668383221235909
24.855945587158203,54.56427764892578,5.0,1.9262814437605271
23.14405632019043,54.56427764892578,5.0,1.86817128207314
1.6166083812713623,54.581172943115234,0.0,0.5265905237909744
1.6166083812713623,54.581172943115234,5.0,3.8240962924532527
46.383392333984375,54.581172943115234,0.0,0.5148498012244584
46.383392333984375,54.581172943115234,5.0,2.137172024758588
23.041255950927734,54.63985824584961,0.0,0.44159501570471976
24.958744049072266,54.63985824584961,0.0,0.4453070694323355
24.958744049072266,54.63985824584961,5.0,1.7942972443173308
23.041255950927734,54.63985824584961,5.0,1.9325052021202207
1.7191357612609863,54.65150451660156,0.0,0.4782459046999391
1.7191357612609863,54.65150451660156,5.0,3.9095078679082342
46.28086471557617,54.65150451660156,0.0,0.5127764617092316
46.28086471557617,54.65150451660156,5.0,2.0561966636880835
2.43536376953125,54.666099548339844,0.0,0.45513224234169364
22.308218002319336,54.66759490966797,0.0,0.4102653591461876
22.308218002319336,54.66759490966797,5.0,1.97948515387314
25.691783905029297,54.66759490966797,0.0,0.5588910948572042
45.56463623046875,54.666099548339844,0.0,0.44173069662595027
45.56463623046875,54.666099548339844,5.0,1.9489322227554335
2.43536376953125,54.666099548339844,5.0,3.6858771165099227
25.691783905029297,54.66759490966797,5.0,1.6860433426203658
22.927133560180664,54.69691848754883,0.0,0.4672761995433718
23.184253692626953,55.362483978271484,0.0,0.4783647856102402
25.072866439819336,54.69691848754883,0.0,0.46939449044494835
25.072866439819336,54.69691848754883,5.0,1.7810180903782564
22.927133560180664,54.69691848754883,5.0,1.8969152589267457
24.815746307373047,55.362483978271484,5.0,1.835633249639952
1.8318742513656616,54.70393371582031,0.0,0.5422332565624974
1.8318742513656616,54.70393371582031,5.0,3.8106602376326886
46.16812515258789,54.70393371582031,0.0,0.5568957889722825
2.0846221446990967,55.375,5.0,3.854315318012504
46.16812515258789,54.70393371582031,5.0,2.0011388723591086
2.3205838203430176,54.713890075683594,0.0,0.496629006185544
2.0846221446990967,55.375,0.0,0.5479745634496779
45.67941665649414,54.713890075683594,0.0,0.4396488654170705
45.67941665649414,54.713890075683594,5.0,1.960306891477439
2.3205838203430176,54.713890075683594,5.0,3.765246332278304
22.426326751708984,54.71586990356445,0.0,0.5190589500988462
22.426326751708984,54.71586990356445,5.0,1.928289808380157
25.57367515563965,54.71586990356445,0.0,0.5112708659827663
23.158809661865234,55.375,5.0,1.8823695357048416
25.57367515563965,54.71586990356445,5.0,1.8116138879605577
22.804988861083984,54.73381042480469,0.0,0.45856436428079056
23.158809661865234,55.375,0.0,0.5638699305413925
24.815746307373047,55.362483978271484,0.0,0.5046659162905935
25.195011138916016,54.73381042480469,0.0,0.5095271917114691
25.195011138916016,54.73381042480469,5.0,1.8458350734296434
23.184253692626953,55.362483978271484,5.0,1.830698623701683
22.804988861083984,54.73381042480469,5.0,1.9882279709217558
24.8411922454834,55.375,5.0,1.9229808601109988
1.9517261981964111,54.73701477050781,0.0,0.4642988783652452
1.9517261981964111,54.73701477050781,5.0,3.789655579588551
46.048274993896484,54.73701477050781,0.0,0.47294415850536664
46.048274993896484,54.73701477050781,5.0,2.0301151056669697
2.19948410987854,54.7420654296875,0.0,0.5558746665179387
45.80051803588867,54.7420654296875,0.0,0.5003833998163828
45.80051803588867,54.7420654296875,5.0,2.024081422412171
2.19948410987854,54.7420654296875,5.0,3.7301057241372826
22.5509090423584,54.74342346191406,0.0,0.4847069683250703
22.5509090423584,54.74342346191406,5.0,1.9183944820310457
25.4490909576416,54.74342346191406,0.0,0.44989473293464305
24.8411922454834,55.375,0.0,0.45940279731881145
25.4490909576416,54.74342346191406,5.0,1.8399917543886573
22.678359985351562,54.74946212768555,0.0,0.45482175554840104
25.32164192199707,54.74946212768555,0.0,0.5716182714075578
25.32164192199707,54.74946212768555,5.0,1.9020091553161245
22.678359985351562,54.74946212768555,5.0,1.831769091979984
2.075394630432129,54.74984359741211,0.0,0.4637247319300921
2.075394630432129,54.74984359741211,5.0,3.7163356226855946
45.92460632324219,54.74984359741211,0.0,0.44643871209856506
45.92460632324219,54.74984359741211,5.0,2.098206425268312
2.0846221446990967,54.749263763427734,0.0,0.5252878589028597
2.0846221446990967,54.749263763427734,5.0,3.7352397330925102
0.02750009298324585,55.375,0.0,0.4246594440072061
0.02750009298324585,55.375,5.0,3.914178307604252
0.46776607632637024,58.17668914794922,0.0,0.4692502940670953
0.9355321526527405,56.0,0.0,0.5053956477183443
2.0846221446990967,56.0,0.0,0.4820276051202218
21.064468383789062,56.0,0.0,0.369432947001726
5.185713768005371,56.0,0.0,0.4527761890283432
22.809703826904297,55.54672622680664,0.0,0.5367279648912295
22.809703826904297,55.54672622680664,5.0,1.8391443439714932
25.190296173095703,55.54672622680664,0.0,0.5073371606393045
26.935531616210938,56.0,0.0,0.4823891296083847
27.882051467895508,56.0,0.0,0.49371116497059386
47.06446838378906,56.0,0.0,0.4700244845606501
46.01267623901367,67.84661865234375,0.0,0.443085379649836
46.01267623901367,67.84661865234375,5.0,1.5657658101106937
0.46776607632637024,58.17668914794922,5.0,3.8113587021861357
2.0846221446990967,56.0,5.0,3.7786189502397534
0.9355321526527405,56.0,5.0,3.8695993690693156
5.185713768005371,56.0,5.0,3.2459313153251603
21.064468383789062,56.0,5.0,1.9927994122136243
26.935531616210938,56.0,5.0,1.7937107733639366
25.190296173095703,55.54672622680664,5.0,1.834919587118941
27.882051467895508,56.0,5.0,1.7845874935020525
47.06446838378906,56.0,5.0,2.0081059213679118
45.234283447265625,67.64661407470703,5.0,1.4355566949174825
22.472742080688477,55.79307556152344,0.0,0.4587040883971963
22.472742080688477,55.79307556152344,5.0,2.0664472263385463
25.527257919311523,55.79307556152344,0.0,0.4796292973010059
25.527257919311523,55.79307556152344,5.0,1.8467849454172676
22.183561325073242,56.094085693359375,0.0,0.4823335951206097
22.183561325073242,56.094085693359375,5.0,1.8627784325159105
25.81644058227539,56.094085693359375,0.0,0.5422150048269224
25.81644058227539,56.094085693359375,5.0,1.7983718371933133
27.882051467895508,62.02330780029297,0.0,0.4185328390381447
27.882051467895508,62.02330780029297,5.0,1.630641335800535
45.234283447265625,67.64661407470703,-1.734723475976807e-15,0.5474231710915924
2.0846221446990967,63.3123893737793,0.0,0.47538020009706
2.0846221446990967,63.3123893737793,5.0,3.6231998273646915
19.234285354614258,67.64661407470703,0.0,0.5632275211775574
20.01267433166504,67.84661865234375,0.0,0.53871172866122
21.68140411376953,57.2274284362793,0.0,0.38578126222614534
21.781814575195312,56.82227325439453,0.0,0.4975617206445008
21.950904846191406,56.44064712524414,0.0,0.45794377995366325
26.049095153808594,56.44064712524414,0.0,0.5232727888574674
26.218185424804688,56.82227325439453,0.0,0.502721238286692
26.31859588623047,57.2274284362793,0.0,0.51314533012694
21.950904846191406,56.44064712524414,5.0,1.8997104252367607
21.781814575195312,56.82227325439453,5.0,1.896371369140138
21.68140411376953,57.2274284362793,5.0,2.0264548017774167
19.234285354614258,67.64661407470703,5.0,1.8034512463970391
26.049095153808594,56.44064712524414,5.0,1.7621111068535549
26.31859588623047,57.2274284362793,5.0,1.7331896941983733
26.218185424804688,56.82227325439453,5.0,1.7958198535414926
20.01267433166504,67.84661865234375,5.0,1.7802461083677588
27.882051467895508,67.17668914794922,0.0,0.5819505593893061
27.882051467895508,67.17668914794922,5.0,1.6240772049786834
1.9873250722885132,67.84661865234375,0.0,0.5664682941429229
1.9873250722885132,67.84661865234375,5.0,3.5627166229898393
28.765714645385742,67.64661407470703,-1.734723475976807e-15,0.5445693348106233
28.765714645385742,67.64661407470703,5.0,1.5362421196061837
2.0846221446990967,67.84661865234375,0.0,0.4729616986954488
2.7657151222229004,67.64661407470703,0.0,0.5339419907627273
2.7657151222229004,67.64661407470703,5.0,3.486041333658174
2.0846221446990967,67.84661865234375,5.0,3.543872710473871
27.98732566833496,67.84661865234375,0.0,0.47597132542619186
27.98732566833496,67.84661865234375,5.0,1.5107633112824792
5.185713768005371,67.84661865234375,0.0,0.3636290432039121
5.185713768005371,67.64661407470703,0.0,0.5482776244983815
5.185713768005371,67.64661407470703,5.0,3.0466928919396103
5.185713768005371,67.84661865234375,5.0,3.122654869414995
2.0846221446990967,68.46577453613281,0.0,0.5131468387670536
2.8285720348358154,68.04661560058594,0.0,0.3958045293000433
5.185713768005371,68.04661560058594,0.0,0.40977649504801145
19.171428680419922,68.04661560058594,0.0,0.4186497487755674
18.441246032714844,77.84661865234375,0.0,0.47911448312074684
18.441246032714844,77.84661865234375,5.0,1.7268150302233267
28.828571319580078,68.04661560058594,-1.734723475976807e-15,0.5517644094149564
45.17142868041992,68.04661560058594,0.0,0.5285939021192738
30.337142944335938,77.64661407470703,-1.734723475976807e-15,0.5006845346397047
29.558753967285156,77.84661865234375,0.0,0.46352207682604674
44.441246032714844,77.84661865234375,0.0,0.45983307226426917
44.441246032714844,77.84661865234375,5.0,1.2558449750165237
2.0846221446990967,68.46577453613281,5.0,3.4687829915229447
2.8285720348358154,68.04661560058594,5.0,3.5184087843471477
5.185713768005371,68.04661560058594,5.0,3.040032791013135
19.171428680419922,68.04661560058594,5.0,1.8144059455538304
17.662857055664062,77.64661407470703,5.0,1.7701260323812453
28.828571319580078,68.04661560058594,5.0,1.5450069515586558
29.558753967285156,77.84661865234375,5.0,1.3173691817859354
45.17142868041992,68.04661560058594,5.0,1.5345282304724681
43.66285705566406,77.64661407470703,5.0,1.1448782145740506
43.66285705566406,77.64661407470703,-1.734723475976807e-15,0.4972555555609596
4.3371429443359375,77.64661407470703,5.0,2.954861035106704
4.3371429443359375,77.64661407470703,0.0,0.4928315367592491
17.662857055664062,77.64661407470703,0.0,0.44677051671208606
30.337142944335938,77.64661407470703,5.0,1.3690966266447941
3.5587549209594727,77.84661865234375,0.0,0.5515671354409835
3.5587549209594727,77.84661865234375,5.0,3.1740738415186622
5.185713768005371,77.84661865234375,0.0,0.5483673379008217
5.185713768005371,77.64661407470703,0.0,0.42413047625215977
5.185713768005371,77.64661407470703,5.0,2.897810574806136
5.185713768005371,77.84661865234375,5.0,2.8362876736042058
5.13018274307251,87.84661865234375,0.0,0.6322466718371108
5.185713768005371,83.04661560058594,0.0,0.4341893368371548
4.400000095367432,78.04661560058594,0.0,0.5105608621712973
5.185713768005371,78.04661560058594,0.0,0.43727177661693456
17.600000381469727,78.04661560058594,0.0,0.597921593026072
16.86981773376465,87.84661865234375,0.0,0.5278164129983013
16.86981773376465,87.84661865234375,5.0,1.5536609988085774
31.13018226623535,87.84661865234375,0.0,0.5068594446029224
31.908571243286133,87.64661407470703,-1.734723475976807e-15,0.48151366997966083
30.399999618530273,78.04661560058594,0.0,0.46343089878465793
43.60000228881836,78.04661560058594,-1.734723475976807e-15,0.5046963597948292
42.869815826416016,87.84661865234375,0.0,0.45718829823214224
42.869815826416016,87.84661865234375,5.0,0.923573227800026
4.400000095367432,78.04661560058594,5.0,2.969717256501024
5.185713768005371,83.04661560058594,5.0,2.8321563756245554
5.13018274307251,87.84661865234375,5.0,2.7915396530529666
5.185713768005371,78.04661560058594,5.0,2.8652552090539345
17.600000381469727,78.04661560058594,5.0,1.774833771896399
16.091428756713867,87.64661407470703,5.0,1.6726234973109917
30.399999618530273,78.04661560058594,5.0,1.3512084393592647
31.13018226623535,87.84661865234375,5.0,1.1815873050611045
43.60000228881836,78.04661560058594,5.0,1.1532956233046299
42.0914306640625,87.64661407470703,5.0,0.8731286498824241
42.0914306640625,87.64661407470703,-1.734723475976807e-15,0.5044249216861066
16.091428756713867,87.64661407470703,0.0,0.45426299108639334
31.908571243286133,87.64661407470703,5.0,1.2464542802378709
5.908571243286133,87.64661407470703,5.0,2.597232143076722
5.908571243286133,87.64661407470703,0.0,0.4973787920836831
5.185713768005371,87.84661865234375,0.0,0.4379883232630624
5.185713768005371,87.84661865234375,5.0,2.6943145852068535
5.185713768005371,88.19999694824219,0.0,0.5008429135629786
5.971427917480469,88.04661560058594,0.0,0.4525752755727885
16.02857208251953,88.04661560058594,0.0,0.576465517321092
15.298388481140137,97.84661865234375,0.0,0.4836652394447048
15.298388481140137,97.84661865234375,5.0,1.5078145285289968
31.97142791748047,88.04661560058594,-1.734723475976807e-15,0.5399727687982836
33.47999954223633,97.64661407470703,0.0,0.3948987123650006
32.70161056518555,97.84661865234375,0.0,0.4775269914948431
42.02857208251953,88.04661560058594,-1.734723475976807e-15,0.5704173935666615
41.29838943481445,97.84661865234375,0.0,0.5483483400386062
41.29838943481445,97.84661865234375,5.0,0.6511576343254967
5.185713768005371,88.19999694824219,5.0,2.748900879039681
5.971427917480469,88.04661560058594,5.0,2.5705142584617864
16.02857208251953,88.04661560058594,5.0,1.6830832201282022
14.520000457763672,97.64661407470703,5.0,1.605867274636051
31.97142791748047,88.04661560058594,5.0,1.2078984455754465
32.70161056518555,97.84661865234375,5.0,1.0048600956095912
42.02857208251953,88.04661560058594,5.0,0.8562149609102712
40.52000045776367,97.64661407470703,5.0,0.6433737833277019
40.52000045776367,97.64661407470703,-1.734723475976807e-15,0.5037680383155151
7.480000972747803,97.64661407470703,5.0,2.2644621035083303
7.480000972747803,97.64661407470703,0.0,0.4772634694716265
14.520000457763672,97.64661407470703,0.0,0.48218029392053036
33.47999954223633,97.64661407470703,5.0,0.9984615895332557
6.701611042022705,97.84661865234375,0.0,0.5264402766428822
6.701611042022705,97.84661865234375,5.0,2.356896926760876
7.542858123779297,98.04661560058594,0.0,0.5003954252567638
9.05142879486084,107.64662170410156,0.0,0.47635192194009146
8.273040771484375,107.84661865234375,0.0,0.4525796058846529
14.45714282989502,98.04661560058594,0.0,0.4544064845951571
13.726960182189941,107.84661865234375,0.0,0.5483232354832663
13.726960182189941,107.84661865234375,5.0,1.5317445258132643
34.273040771484375,107.84661865234375,0.0,0.5555227764966898
35.051429748535156,107.64662170410156,0.0,0.5266244135945828
33.5428581237793,98.04661560058594,-1.734723475976807e-15,0.5744298783186444
40.4571418762207,98.04661560058594,0.0,0.590270888691016
39.726959228515625,107.84661865234375,0.0,0.5630407228195461
39.726959228515625,107.84661865234375,5.0,0.6414661126873901
14.45714282989502,98.04661560058594,5.0,1.5746314568471327
7.542858123779297,98.04661560058594,5.0,2.200230439659834
8.273040771484375,107.84661865234375,5.0,1.9761544281031402
12.948572158813477,107.64662170410156,5.0,1.5626494323048852
33.5428581237793,98.04661560058594,5.0,1.0109777416163603
34.273040771484375,107.84661865234375,5.0,0.9029187059728762
40.4571418762207,98.04661560058594,5.0,0.6522194574994878
38.948570251464844,107.64662170410156,5.0,0.5166361775620548
38.948570251464844,107.64662170410156,0.0,0.4812299312362191
9.05142879486084,107.64662170410156,5.0,1.9516697967107806
12.948572158813477,107.64662170410156,0.0,0.4893168894783013
35.051429748535156,107.64662170410156,5.0,0.4744329277165321
9.114285469055176,108.04661560058594,0.0,0.4623480711802503
11.0,120.04661560058594,0.0,0.5130337214614258
10.506061553955078,122.05675506591797,0.0,0.5616291908261781
12.885714530944824,108.04661560058594,0.0,0.45837658951927596
11.493939399719238,122.05675506591797,0.0,0.5108479377905786
11.493939399719238,122.05675506591797,5.0,1.4856292589382418
36.50606155395508,122.05675506591797,0.0,0.4417217459310227
37.0,120.04661560058594,0.0,0.4714028402855014
35.11428451538086,108.04661560058594,0.0,0.50861096001318
38.88571548461914,108.04661560058594,-1.734723475976807e-15,0.5695260997248079
37.49393844604492,122.05675506591797,0.0,0.5100451972016389
37.49393844604492,122.05675506591797,5.0,0.5368331294791353
12.885714530944824,108.04661560058594,5.0,1.5044889237108514
9.114285469055176,108.04661560058594,5.0,1.936261711625666
10.506061553955078,122.05675506591797,5.0,1.5726486974306975
11.0,120.04661560058594,5.0,1.575586989187774
38.88571548461914,108.04661560058594,5.0,0.5183404617823236
35.11428451538086,108.04661560058594,5.0,0.5499815409901302
36.50606155395508,122.05675506591797,5.0,0.43059249626201407
37.0,120.04661560058594,5.0,0.5097150360889523
11.0415678024292,122.47740173339844,0.0,0.5508218558749511
36.958431243896484,122.47740173339844,0.0,0.49197147110585693
11.0415678024292,122.47740173339844,5.0,1.4666120051310834
37.041568756103516,122.47740173339844,5.0,0.6151652039851654
10.797877311706543,122.43646240234375,0.0,0.47054087580219717
10.876446723937988,122.46363067626953,0.0,0.56465975474023
10.958433151245117,122.47740173339844,0.0,0.5471861015380838
10.558549880981445,122.21392059326172,0.0,0.5350064066823018
10.603553771972656,122.2838134765625,0.0,0.4586275526188416
10.525750160217285,122.13751983642578,0.0,0.5333571108011295
10.659517288208008,122.34529113769531,0.0,0.3634061464838077
10.724894523620605,122.39664459228516,0.0,0.4175899562985745
10.525750160217285,122.13751983642578,5.0,1.5395090102635136
11.202123641967773,122.43646240234375,0.0,0.598999124367715
11.275106430053711,122.39664459228516,0.0,0.581902919309145
11.123554229736328,122.46363067626953,0.0,0.42516724440874387
11.474249839782715,122.13751983642578,0.0,0.533769420365455
36.79787826538086,122.43646240234375,0.0,0.5963459034238018
36.87644577026367,122.46363067626953,0.0,0.3736953055595178
36.55854797363281,122.21392059326172,0.0,0.5270632305098085
36.603553771972656,122.2838134765625,0.0,0.5504333579456312
36.52574920654297,122.13751983642578,0.0,0.4911722407759998
36.65951919555664,122.34529113769531,0.0,0.4561550221369677
36.72489547729492,122.39664459228516,0.0,0.47368369550706996
36.52574920654297,122.13751983642578,5.0,0.5367501500330977
37.041568756103516,122.47740173339844,0.0,0.5243471876738569
37.12355422973633,122.46363067626953,0.0,0.5348979928222511
37.20212173461914,122.43646240234375,0.0,0.5525542874733663
37.27510452270508,122.39664459228516,0.0,0.4666511336969549
37.34048080444336,122.34529113769531,0.0,0.5223514681714455
37.396446228027344,122.2838134765625,0.0,0.49924514842636125
37.44145202636719,122.21392059326172,0.0,0.5582769276993053
37.47425079345703,122.13751983642578,0.0,0.5548051815979352
10.958433151245117,122.47740173339844,5.0,1.5672770963703004
10.876446723937988,122.46363067626953,5.0,1.448614400533344
10.797877311706543,122.43646240234375,5.0,1.4663874017333685
10.724894523620605,122.39664459228516,5.0,1.5062393963782121
10.659517288208008,122.34529113769531,5.0,1.5265804710731454
10.603553771972656,122.2838134765625,5.0,1.4923989338890555
10.558549880981445,122.21392059326172,5.0,1.6394386636196419
11.202123641967773,122.43646240234375,5.0,1.4524761004023152
11.123554229736328,122.46363067626953,5.0,1.501971356270023
11.441450119018555,122.21392059326172,5.0,1.434059673798866
11.396446228027344,122.2838134765625,5.0,1.4702153265198812
11.474249839782715,122.13751983642578,5.0,1.4611236610015461
11.340482711791992,122.34529113769531,5.0,1.4793544816255355
11.275106430053711,122.39664459228516,5.0,1.366464827521121
36.958431243896484,122.47740173339844,5.0,0.5672443869243954
36.87644577026367,122.46363067626953,5.0,0.5185013142148431
36.79787826538086,122.43646240234375,5.0,0.4791838835924134
36.72489547729492,122.39664459228516,5.0,0.5306012068441729
36.65951919555664,122.34529113769531,5.0,0.5284255344968389
36.603553771972656,122.2838134765625,5.0,0.5578237282292888
36.55854797363281,122.21392059326172,5.0,0.5024812645466359
37.20212173461914,122.43646240234375,5.0,0.49169249250733693
37.12355422973633,122.46363067626953,5.0,0.4450282538353996
37.44145202636719,122.21392059326172,5.0,0.60308475317039
37.396446228027344,122.2838134765625,5.0,0.487212123791194
37.47425079345703,122.13751983642578,5.0,0.4933307793992266
37.34048080444336,122.34529113769531,5.0,0.5663499911761553
37.27510452270508,122.39664459228516,5.0,0.5019715781519859
11.441450119018555,122.21392059326172,0.0,0.5085210304761988
11.396446228027344,122.2838134765625,0.0,0.4589425639980987
11.340482711791992,122.34529113769531,0.0,0.5260749450773333
